Model,Accuracy_mean,Accuracy_std,BalAcc_mean,BalAcc_std,AUC_mean,AUC_std
CatBoost,0.771087737271977,0.00876792962172671,0.6007298777303051,0.012134535569040799,0.7559088019199087,0.013075813794319832
EBM (Glassbox),0.7701826460627792,0.005707323643942443,0.5817791601784021,0.014384555918938982,0.7634615386095432,0.017694192357974776
Gradient Boosting,0.7641463900509405,0.009133546533325643,0.5564224357348846,0.011458368705354447,0.750892730828522,0.017392762048416468
Logistic Regression,0.7486042289194342,0.00028573386784982855,0.5,0.0,0.6255750735506487,0.014594469340986453
MLP Neural Network,0.7644481630097613,0.004619879749764302,0.5482472645799394,0.016131500775581623,0.7325093175292658,0.013807232367569916
RFF + Ridge (Proposed),0.7486042289194342,0.00028573386784982855,0.5,0.0,0.6689285583656062,0.00936550504259871
Random Forest,0.7674653234298073,0.014630149352143473,0.5963173680591679,0.022081545433547838,0.7519625373067815,0.014322304531429388
SCN (Stochastic Config),0.7486042289194342,0.00028573386784982855,0.5,0.0,0.7325248634436412,0.01421289013303158
SVM (RBF Kernel),0.7486042289194342,0.00028573386784982855,0.5,0.0,0.7066394231950797,0.018638156328765452
