Model,n_AUC,AUC_mean,AUC_lo,AUC_hi,F1_mean,F1_lo,F1_hi,BalAcc_mean,BalAcc_lo,BalAcc_hi,Acc_all,Acc_2class,F1_drop_noise,AUC_drop_noise,Acc_drop_noise,Infer_ms
Logistic Regression,13,0.572698152396693,0.4547226927539447,0.7014707238080208,0.6580221702123317,0.565813558519594,0.7466495244301791,0.5,0.5,0.5,0.7546785533534328,0.716936792330884,-0.01308277133588395,-0.03576813924246343,0.09338642504555215,0.0006596590505119491
Random Forest,13,0.6157742693829201,0.5135981286058885,0.7232320531513056,0.68214402243066,0.6172663750277073,0.7512985039727029,0.5305932606183508,0.49946857004506645,0.5619197416735133,0.7057799364152593,0.6780977288307936,0.011228020532920853,0.0028701084472915407,0.010539082544964284,0.07232794223285698
Gradient Boosting,13,0.6098514462949278,0.5135402127419079,0.7166461957765287,0.6712418811103459,0.5951138743746637,0.7477567131416796,0.509857314327122,0.4890488506827972,0.5293842342020099,0.7233169468468981,0.6910067335412926,0.057279172915657144,0.02245772359789653,0.1365126614027869,0.0017860044597095548
CatBoost,13,0.6180847915975609,0.5196568248536924,0.7245422286484985,0.6843896632994205,0.6154929822862304,0.7564003527663337,0.5308361823233755,0.5075238888554536,0.557361566792113,0.7119801973785058,0.6801236709678731,0.03369630644780881,0.0354587980925608,0.0763435467024039,0.005944371059264182
EBM (Glassbox),13,0.6271291461702112,0.536984532509058,0.7287307410039293,0.6820445976803947,0.6131683847235262,0.7537304378189044,0.5252785191476785,0.5019821931096714,0.5522650809016268,0.7198440636192995,0.6891973627841733,-0.002353226131902053,0.040399050270625084,-0.005397386371112104,0.0020989309617476465
SVM (RBF Kernel),13,0.6223203071646596,0.5522066370750336,0.7042735590965914,0.6580221702123317,0.565813558519594,0.7466495244301791,0.5,0.5,0.5,0.7546785533534328,0.716936792330884,0.0,0.06013593658998363,0.0,0.14412651967131476
MLP Neural Network,13,0.6224376700533336,0.5289724436960296,0.7241727500668516,0.6732096048329006,0.6002501433150201,0.7449224920762526,0.5268398927688509,0.507131750891009,0.5503696148016185,0.7254202105421782,0.7073529901860298,0.007533962903903846,0.014761029891110444,0.0495496083671128,0.0015485124119222423
RFF + Ridge (Proposed),13,0.6046987610500891,0.5075907624107568,0.7091287973884884,0.6573043582665258,0.5647730101644763,0.7457056841399085,0.4988885834106148,0.496750281085606,0.5,0.753229219527748,0.7152644840704785,-0.011222143206852043,0.032254108827305374,0.07398010648823942,0.015047574771995474
SCN (Stochastic Config),13,0.6104312171509995,0.5295453898555279,0.7014954085722125,0.655723319637619,0.5648886769858819,0.7417369373203884,0.5,0.5,0.5,0.7502341089089885,0.716936792330884,-0.013128002713879539,0.07183252895630467,0.05758651030198978,0.018785264026432928
